<?xml version="1.0" encoding="UTF-8"?>
<project-private xmlns="http://www.netbeans.org/ns/project-private/1">
    <editor-bookmarks xmlns="http://www.netbeans.org/ns/editor-bookmarks/2" lastBookmarkId="0"/>
    <open-files xmlns="http://www.netbeans.org/ns/projectui-open-files/2">
        <group>
            <file>file:/F:/Project%20-%20Copy11/Project%20-%20Copy1.3/Project%20-%20Copy/src/project/Addition.java</file>
            <file>file:/F:/Project%20-%20Copy11/Project%20-%20Copy1.3/Project%20-%20Copy/src/project/MyGui.java</file>
            <file>file:/F:/Project%20-%20Copy11/Project%20-%20Copy1.3/Project%20-%20Copy/src/project/DISPLAYFRAME.java</file>
            <file>file:/F:/Project%20-%20Copy11/Project%20-%20Copy1.3/Project%20-%20Copy/src/project/EditFrame.java</file>
        </group>
    </open-files>
</project-private>
